,a_code,NoRegion,Period,ByPOP_inc,ByPOP_dec,ByBPC_inc,ByBPC_dec,HUDI_POP,HUDI_BPC
0,ALA,16,75-90,0.5659563982195475,-0.028557452286149476,0.0926697956422034,-0.4408047865756013,0.9495412502164674,-0.7897713489862256
1,ALA,16,90-00,0.37123031923824573,-0.030127951249961083,0.5016036620117155,0.0,0.9188429670513367,1.0
2,ALA,16,00-15,0.6864311116770698,-0.022924669263929675,0.5829355941059519,-0.04462503451909194,0.9666031028111172,0.9234477445359408
3,AND,7,75-90,1.9737316903915076,0.0,0.19664303908989483,-0.10748872348140226,1.0,0.45338149787105314
4,AND,7,90-00,1.318253947576104,0.0,0.7547092994894153,-0.07660926706551949,1.0,0.8984916879686681
5,AND,7,00-15,1.6649643216854006,-0.4373625701092517,1.0232002135536777,-0.549346961129826,0.7373141487701544,0.4631090241645978
6,ARM,11,75-90,76.71929934163902,0.0,34.024127745595095,-27.343097368234123,1.0,0.1963615475263999
7,ARM,11,90-00,0.0,-48.78288817772644,94.53891531572643,0.0,-1.0,1.0
8,ARM,11,00-15,7.597441182108941,-10.461389023967204,24.7034347242541,-0.8446797193958308,-0.2737636307470178,0.9658071952817753
9,ATG,8,75-90,0.0,0.0,0.0,0.0,,
10,ATG,8,90-00,1.475485918631714,0.0,0.0183174112114969,-0.7252683778432105,1.0,-0.9747439544159241
11,ATG,8,00-15,1.465764467283909,-0.00944099725551339,0.2961964503121033,-0.7393108943404989,0.9935589943225955,-0.5993614424195319
12,BES,3,75-90,0.06489565187129961,0.0,0.03831534212870042,0.0,1.0,1.0
13,BES,3,90-00,0.7958808364250655,0.0,0.35940513988745854,-0.35342508331252415,1.0,0.016638761974319398
14,BES,3,00-15,4.680389733753034,0.0,0.006417499826210342,-4.196445230579246,1.0,-0.9984707295166284
15,BHR,5,75-90,93.45167738248433,0.0,0.0,-76.76207542248433,1.0,-1.0
16,BHR,5,90-00,48.52400862460014,0.0,0.0,-36.48710279460015,1.0,-1.0
17,BHR,5,00-15,127.57004855486187,0.0,0.0,-117.84164606486188,1.0,-1.0
18,BHS,32,75-90,28.471978817543885,-0.08285433145413777,0.4843108656327585,-18.367311627722508,0.9970899693349349,-0.973631913289816
19,BHS,32,90-00,15.473252591046425,-0.15775136584694302,2.489978213051375,-2.818535876250867,0.9898048994599735,-0.11657033212453902
20,BHS,32,00-15,28.806260316504087,-0.09469392619724233,0.5236733363013477,-21.93818255560818,0.9967127310120506,-0.976129593462268
21,BLZ,6,75-90,6.984994466415602,0.0,0.36423913045154915,-1.6897586148671515,1.0,-0.7844430990043004
22,BLZ,6,90-00,7.71971892608939,0.0,3.029517212763014,-0.48636734385240543,1.0,0.8394571445894433
23,BLZ,6,00-15,12.575070363084619,0.0,0.0,-8.677851257084617,1.0,-1.0
24,BMU,11,75-90,0.0,0.0,0.0,0.0,,
25,BMU,11,90-00,0.0,0.0,0.0,0.0,,
26,BMU,11,00-15,0.3398156224399723,-0.8544574240359615,1.3293865070359616,-0.19198755643997234,-0.6023024519643351,0.8555818376191937
27,BRB,11,75-90,0.0,0.0,0.0,0.0,,
28,BRB,11,90-00,4.841917619453375,-0.24415327092044808,18.551998189467074,0.0,0.9495750877835027,1.0
29,BRB,11,00-15,7.478537886610441,-1.1069652939482317,2.2788786789803743,-6.247457221642585,0.8519810542204861,-0.6352310070910401
30,COM,3,75-90,0.0,0.0,0.0,0.0,,
31,COM,3,90-00,0.0,0.0,0.0,0.0,,
32,COM,3,00-15,9.49457288172564,0.0,2.6024012672743573,0.0,1.0,1.0
33,CPV,22,75-90,0.0,0.0,0.0,0.0,,
34,CPV,22,90-00,0.0,0.0,0.0,0.0,,
35,CPV,22,00-15,2.6296424586218694,-0.6298650302423046,1.4636386969787716,-2.2147982473583365,0.7604750302927489,-0.3391548423318006
36,CYM,7,75-90,8.508762909897651,0.0,0.18406316352493962,-4.67312205342259,1.0,-0.9606123783156634
37,CYM,7,90-00,7.4912501596984065,0.0,0.0,-5.095552286698405,1.0,-1.0
38,CYM,7,00-15,5.9039560533347695,-0.06310109228477055,0.3554444697609876,-3.863418374810986,0.9893120660596502,-0.9079974169822139
39,CYP,5,75-90,28.8508577194079,0.0,2.695413860841651,-9.351242480249548,1.0,-0.7117587457993367
40,CYP,5,90-00,43.25936894002658,0.0,0.5911109003954033,-8.99082895042199,1.0,-0.9342540155468468
41,CYP,5,00-15,55.35970914401007,0.0,0.0,-29.49311038401006,1.0,-1.0
42,DMA,10,75-90,0.460900619150846,-0.13871129736619991,0.2623473339918265,-0.2645706117764723,0.6990429354992865,-0.00840334370366177
43,DMA,10,90-00,0.27754350712581577,-0.1243592197247879,0.38988024479540656,-0.05803749819643459,0.5519289173339821,0.8511401924791282
44,DMA,10,00-15,0.642803047353796,-0.13251800605976558,0.2222736187039401,-0.48825276699797093,0.793843531692487,-0.5447570731230206
45,ESH,4,75-90,8.857877906436578,0.0,0.0,-6.436711912436577,1.0,-1.0
46,ESH,4,90-00,4.107711494409818,0.0,0.13528376484314572,-1.7280153282529631,1.0,-0.9217114786939311
47,ESH,4,00-15,8.50514833459482,0.0,0.0,-7.3516232905948184,1.0,-1.0
48,FSM,4,75-90,0.0,0.0,0.0,0.0,,
49,FSM,4,90-00,0.0,0.0,0.0,0.0,,
50,FSM,4,00-15,0.09818101463718859,-0.17365858928205857,1.1281115706448699,0.0,-0.4346319692962512,1.0
51,GGY,15,75-90,1.2208443666727529,0.0,0.08868204770992276,-0.9633192823826744,1.0,-0.9079411682795588
52,GGY,15,90-00,0.3828975244082096,-0.0026920339153790767,0.4246835902547483,-0.04229513774757822,0.9929693096879125,0.9004078831437605
53,GGY,15,00-15,0.8515193898873583,-0.003563224358814967,1.4340629344714553,0.0,0.9958154512966683,1.0
54,GRD,7,75-90,0.0,0.0,0.0,0.0,,
55,GRD,7,90-00,0.5596685344870465,-0.06283461372420036,6.5113390802371525,0.0,0.8877288790555463,1.0
56,GRD,7,00-15,0.718302129697608,-0.18762363767957888,2.998230964443613,-0.005230430461640481,0.738795654471239,0.9982554944820232
57,GRL,5,75-90,0.0,-0.5211660570957268,0.5223921000957269,0.0,-1.0,1.0
58,GRL,5,90-00,0.0028821806234009453,-0.05439881077004093,0.09182860814663998,0.0,-0.9470175802999676,1.0
59,GRL,5,00-15,0.005722195764834678,-0.06756116660181116,0.07295796483697639,0.0,-0.9153034790153952,1.0
60,GUM,19,75-90,0.0,0.0,0.0,0.0,,
61,GUM,19,90-00,0.0,0.0,0.0,0.0,,
62,GUM,19,00-15,3.020013728438196,-0.5025323709665979,1.1470772332713737,-0.9790156267429716,0.8335993090910606,0.14651289525562602
63,HKG,18,75-90,49.92778630201268,0.0,6.151192515020675,-25.665286485033356,1.0,-0.7603302609301584
64,HKG,18,90-00,33.18911384124001,0.0,2.126072174182792,-16.341851300422796,1.0,-0.8699001639962428
65,HKG,18,00-15,24.13190228988508,-2.5976296738961513,6.083063257764079,-15.280740347753007,0.8923570283564031,-0.6019130539929254
66,IRL,26,75-90,78.06202378115924,-4.950157432327271,90.42368660039988,-2.9612471762318657,0.9365868678193041,0.9672514217506061
67,IRL,26,90-00,58.716888818774024,-1.1500675378687717,71.74263880309475,0.0,0.9804133434007652,1.0
68,IRL,26,00-15,178.46392332124242,0.0,27.981033936878525,-26.419926372120962,1.0,0.055791632585100795
69,ISR,7,75-90,205.68765558861475,0.0,38.49193657354253,-91.94017160015727,1.0,-0.581337124962722
70,ISR,7,90-00,243.80299058839634,0.0,7.275504388702752,-81.18351479509911,1.0,-0.9103819980316747
71,ISR,7,00-15,284.75480743911066,0.0,0.0,-172.44053807911075,1.0,-1.0
72,JAM,14,75-90,14.358216019280388,0.0,6.848321591000618,-5.693714622281003,1.0,0.16859707205293695
73,JAM,14,90-00,23.14995392809758,-0.21173869191653305,15.837108236919288,-2.6455513921003417,0.990853602016912,0.8329523703113261
74,JAM,14,00-15,22.615143087354046,-0.7320920218552976,16.27174070220475,-8.053670655703492,0.9676282383433307,0.5050516841992047
75,JEY,12,75-90,3.230751757468835,0.0,0.0,-2.7248128064688344,1.0,-1.0
76,JEY,12,90-00,1.882471468812583,0.0,0.2583835277400226,-0.8591029615526061,1.0,-0.6992403247300402
77,JEY,12,00-15,3.205263600554677,0.0,0.549017545925173,-1.2333561664798491,1.0,-0.5548588794977716
78,KNA,14,75-90,0.06821196820239361,-0.15535223546688187,0.5787015327766355,-0.010796287512147161,-0.5609205879954324,0.9813439451933952
79,KNA,14,90-00,0.254627126752788,-0.0018259705777674867,1.69623984082498,0.0,0.9928288450604075,1.0
80,KNA,14,00-15,0.6554939700935205,0.0,0.02659104165715366,-0.42099702675067424,1.0,-0.9368379347892603
81,KWT,6,75-90,210.00933620107713,0.0,2.147152292083731,-134.80998683316085,1.0,-0.9840727505244771
82,KWT,6,90-00,0.3503879286987573,-23.69702372160266,60.62430406290392,0.0,-0.9852138423451322,1.0
83,KWT,6,00-15,278.47624607802624,0.0,0.0,-239.41876721802623,1.0,-1.0
84,LBY,22,75-90,450.14393657697406,0.0,27.772666742903823,-204.09909425987792,1.0,-0.8639255757424328
85,LBY,22,90-00,221.48546591367506,0.0,18.57280225002146,-34.4977130916966,1.0,-0.461622218242292
86,LBY,22,00-15,215.1075183480986,0.0,8.915868210226064,-69.87756028832459,1.0,-0.8724072767647018
87,LCA,10,75-90,3.5912509821584178,0.0,0.35689569065787524,-1.9969386458162925,1.0,-0.8212785899028028
88,LCA,10,90-00,2.429744740572861,-0.02344255326562298,0.4963810877429201,-0.7898902440501585,0.9903518452477046,-0.37158220210730997
89,LCA,10,00-15,3.3530118646365747,-0.07748226955337788,0.15010041550343603,-2.4205629785866334,0.9768917401186185,-0.9379894607860689
90,LIE,11,75-90,1.316240975419957,-0.000699987190876376,0.043545363483773115,-0.49983538971285374,0.999468192220157,-0.9128805915307655
91,LIE,11,90-00,1.129805825747738,0.0,0.710148250252262,0.0,1.0,1.0
92,LIE,11,00-15,1.1345468798702685,-0.0009366353067415675,0.26263159015712734,-0.12243594872065447,0.9991744410712684,0.5338110367933901
93,LSO,10,75-90,7.156077725775901,0.0,11.7330802262241,0.0,1.0,1.0
94,LSO,10,90-00,7.350999018887227,0.0,10.533756984112772,0.0,1.0,1.0
95,LSO,10,00-15,10.99387536013251,-0.09584345295538269,1.7886015334980065,-4.2966604186751365,0.9912821048251154,-0.5837228546794218
96,MDA,37,75-90,124.09931449738788,-8.495483792762675,195.95754864547916,-13.061046751104378,0.9315428628500483,0.9333475702192312
97,MDA,37,90-00,22.0597783310798,-59.059408481822906,133.88044744106074,-5.667873301317625,-0.6264815564844459,0.9576646671739513
98,MDA,37,00-15,37.18938115956594,-85.13716798674066,129.75570497194605,-22.923232085771374,-0.5631827785796464,0.8233354588090943
99,MKD,85,75-90,15.363285265898853,-0.35554876782915745,72.71265433593031,0.0,0.9768572436379638,1.0
100,MKD,85,90-00,4.380030087520917,-2.7905309361064776,39.44845594980878,-0.12023701522321174,0.3628968567917055,0.9969520476194
101,MKD,85,00-15,10.12597547339065,-3.3681504118399648,22.586658250435683,-0.20407505398636117,0.6673752152875647,0.9909647964863317
102,MNE,21,75-90,17.790422390655518,-1.5787109656023413,11.98316156491088,-7.796283110964055,0.9112606249061538,0.3493968124578118
103,MNE,21,90-00,7.401706465854878,-3.08028844807279,13.254278377887756,-0.3709483436698453,0.5838407720864645,0.9720129355145655
104,MNE,21,00-15,11.958012425595054,-6.09634839331852,12.385030681091228,-4.8983375373677625,0.4901871501429592,0.6044953247595688
105,MNP,4,75-90,0.0,0.0,0.0,0.0,,
106,MNP,4,90-00,0.0,0.0,0.0,0.0,,
107,MNP,4,00-15,0.0,-1.7417201615007567,2.491385162500756,0.0,-1.0,1.0
108,MSR,3,75-90,0.0,0.0,0.0,0.0,,
109,MSR,3,90-00,0.0,-0.06555921473880297,0.10277221373880296,0.0,-1.0,1.0
110,MSR,3,00-15,0.0035260523258107087,0.0,0.003098948674189314,0.0,1.0,1.0
111,MUS,12,75-90,0.0,0.0,0.0,0.0,,
112,MUS,12,90-00,0.0,0.0,0.0,0.0,,
113,MUS,12,00-15,9.4282168345797,-1.1606786869081782,33.26211991932848,0.0,0.8768930851641874,1.0
114,MYT,17,75-90,0.0,0.0,0.0,0.0,,
115,MYT,17,90-00,0.0,0.0,0.0,0.0,,
116,MYT,17,00-15,6.3980885261192295,0.0,0.8591523881942055,-2.2867478623134345,1.0,-0.6242907220540586
117,NRU,14,75-90,0.0,0.0,0.0,0.0,,
118,NRU,14,90-00,0.0,0.0,0.0,0.0,,
119,NRU,14,00-15,0.26273968628333144,-0.1168548877030654,0.16563604216872424,-0.15583183074899037,0.5552446249895715,0.05919129249506493
120,PLW,16,75-90,0.0,0.0,0.0,0.0,,
121,PLW,16,90-00,0.0,0.0,0.0,0.0,,
122,PLW,16,00-15,0.3580293356623026,-0.2720604367748928,0.44449607770860666,-0.17442397559601647,0.2401169131249532,0.6075916428887779
123,PRI,78,75-90,152.96218511223438,-1.173437218157464,13.074068393611789,-59.36685595868869,0.9923285796597606,-0.7797749572133384
124,PRI,78,90-00,77.28298294776984,-1.8271529533371762,97.39555458281329,-1.6462211632459725,0.9763576290194179,0.9830975739057348
125,PRI,78,00-15,33.96578711291079,-61.543948393664245,183.6040886404353,-3.4557417026818196,-0.44810516712951975,0.9811782965822213
126,PYF,5,75-90,0.0,0.0,0.0,0.0,,
127,PYF,5,90-00,0.0,0.0,0.0,0.0,,
128,PYF,5,00-15,4.100047888048472,0.0,0.0404632556044702,-2.5763242236529416,1.0,-0.984294191222913
129,QAT,7,75-90,89.86907087060419,0.0,4.577807999009821e-09,-42.101343133182006,1.0,-0.999999999891267
130,QAT,7,90-00,39.939689205953634,0.0,5.267767436046403,0.0,1.0,1.0
131,QAT,7,00-15,147.87947194153767,0.0,1.0004455018456485e-08,-93.4140885705422,1.0,-0.9999999998929021
132,SAU,13,75-90,653.1970901072195,0.0,42.84508496128783,-30.14295657850735,1.0,0.29646640668952673
133,SAU,13,90-00,438.6551724841515,0.0,69.41665224964997,-10.302166866801427,1.0,0.8515894020680985
134,SAU,13,00-15,520.1292090408382,0.0,9.366053350245934,-168.6611212100841,1.0,-0.9444682136401811
135,SGP,5,75-90,0.0,0.0,0.0,0.0,,
136,SGP,5,90-00,54.3416742294801,0.0,0.0,-41.16066100948011,1.0,-1.0
137,SGP,5,00-15,75.48038450211078,0.0,0.0,-67.45391317211077,1.0,-1.0
138,SJM,2,75-90,0.0,0.0,0.0,0.0,,
139,SJM,2,90-00,0.0,0.0,0.0,0.0,,
140,SJM,2,00-15,0.0,0.0,0.0,0.0,,
141,SMR,9,75-90,1.3025647502946,-0.02319827966414734,0.5193619365922899,-0.06471443922274273,0.9821903059645206,0.875396260944042
142,SMR,9,90-00,1.0568431698894831,-0.04630531470038669,0.45286491768952186,-0.052594664878618386,0.9561852543313224,0.883862355364262
143,SMR,9,00-15,1.4341142666892168,-0.1313084222131249,0.2383217747921032,-0.6598817652681954,0.9084393585203903,-0.6388417026567749
144,SPM,2,75-90,0.10107345645249947,-0.021857351281470334,0.04598592382897078,0.0,0.783747859738601,1.0
145,SPM,2,90-00,0.010783279430756174,-0.02522104114286473,0.2364477407121086,0.0,-0.5724490765597572,1.0
146,SPM,2,00-15,0.025929710120775662,-0.03398031677493378,0.08339059265415827,0.0,-0.23691970582501454,1.0
147,SYC,26,75-90,0.0,0.0,0.0,0.0,,
148,SYC,26,90-00,0.0,0.0,0.0,0.0,,
149,SYC,26,00-15,0.6438327242358015,-0.03300686297448849,1.2069680021448015,-0.01595284940611428,0.9487337910422834,0.9867827072650096
150,TCA,6,75-90,6.842390557412496,-0.010472538481625522,0.01977026255649457,-5.404040251487367,0.998469462040532,-0.9963415774797286
151,TCA,6,90-00,6.190524611475458,0.0,0.012271351777346909,-3.7095659912528043,1.0,-0.9966919710267231
152,TCA,6,00-15,7.676627372438577,-0.049830619172943694,0.054750997332444484,-7.065975721598078,0.9935087875501355,-0.9922514597431901
153,TKL,3,75-90,0.0,0.0,0.0,0.0,,
154,TKL,3,90-00,0.0,0.0,0.0,0.0,,
155,TKL,3,00-15,0.0,0.0,0.0,0.0,,
156,TKM,6,75-90,162.67480219511276,0.0,0.0,-73.31956589511275,1.0,-1.0
157,TKM,6,90-00,109.08000839983737,0.0,22.585834624489753,-13.546964204327157,1.0,0.4002008590978425
158,TKM,6,00-15,108.1905300755337,0.0,5.672102299986132,-58.08228271551978,1.0,-0.9023436746147285
159,TON,5,75-90,0.0,0.0,0.0,0.0,,
160,TON,5,90-00,0.0,0.0,0.0,0.0,,
161,TON,5,00-15,0.9975886411953356,-0.1797182210095082,0.2228402190095081,-0.6203296441953355,0.8198473663511592,-0.6407712881454074
162,TTO,15,75-90,0.0,0.0,0.0,0.0,,
163,TTO,15,90-00,13.114815327435354,-4.399485092904561,25.85850444340185,-2.7410131409326324,0.6645408278299489,0.8939995487004261
164,TTO,15,00-15,22.425610555783784,-6.26893218037187,12.950344088950468,-6.36481923536238,0.7204565661756286,0.508521226027269
165,TUV,9,75-90,0.0,0.0,0.0,0.0,,
166,TUV,9,90-00,0.0,0.0,0.0,0.0,,
167,TUV,9,00-15,0.12162334934859834,-0.08265154283296934,0.10660854083296933,-0.11700935234859841,0.3204303016185447,-0.08888871963535538
168,VCT,6,75-90,0.0,0.0,0.0,0.0,,
169,VCT,6,90-00,0.35910905427338663,-0.10660829098685475,1.4743332647134677,0.0,0.7031311527286227,1.0
170,VCT,6,00-15,0.7383967489826205,-0.24503230216708627,0.35715285176904876,-0.48300937158458257,0.6681563095927803,-0.2605674490386039
171,VGB,5,75-90,3.2476978077588505,-0.011029286360794715,0.013462286360794716,-2.5553728777588507,0.9966039677908316,-0.9947317722286378
172,VGB,5,90-00,1.7290163781501509,-0.011272091040809423,0.014514091040809427,-1.1225483211501508,0.9934806337387796,-0.9870704086698571
173,VGB,5,00-15,3.118948635950434,-0.015238765804295219,0.029164765804295213,-2.067690633950433,0.9951141337729495,-0.9858950051204834
174,XAD,2,75-90,1.235571120993239,0.0,0.0,-0.1395710759932378,1.0,-1.0
175,XAD,2,90-00,1.8640728735404026,0.0,0.0,-0.6585998595404023,1.0,-1.0
176,XAD,2,00-15,1.788277999220887,0.0,0.0,-1.2465139762208874,1.0,-1.0
177,XNC,5,75-90,11.494218863983743,0.0,0.0,-5.580939774983751,1.0,-1.0
178,XNC,5,90-00,14.186032295319055,0.0,0.10955006445969376,-1.0853573557787477,1.0,-0.8990654424771543
179,XNC,5,00-15,12.886045224897735,0.0,0.0,-3.6611511878977314,1.0,-1.0
180,COD,240,75-90,518.8882078084961,-1.5887636964827738,39.365451617142824,-271.29313800615614,0.9969381387501695,-0.8548969874193812
181,COD,240,90-00,535.6515621556246,-4.051392158716143,155.20984849503077,-202.46988280493915,0.9924365157409192,-0.23341760095470107
182,COD,240,00-15,918.2374332957045,-10.34220996942734,57.40393561961396,-583.1224081528911,0.9887368891809306,-0.9015576578484649
183,AFG,328,75-90,23.43267153650187,-13.85012369852388,73.8708187667007,-0.6553586906786967,0.40893962188864935,0.9911283142434301
184,AFG,328,90-00,145.25698273929922,-0.001658829690656085,33.308718975176646,-55.2425177807852,0.9999885800347813,-0.39704560340002654
185,AFG,328,00-15,197.5860743305384,-0.1058462655285487,45.982829869066194,-76.88631512107607,0.9994643030087662,-0.40193739553449626
186,AGO,163,75-90,278.8034463734,-0.7982102796609222,24.77959111315096,-147.68625538989002,0.9971370143014952,-0.8322146428065826
187,AGO,163,90-00,291.625715619198,-8.57993243053077,37.1251651340488,-132.22558822271608,0.9705789579896501,-0.7192285878016553
188,AGO,163,00-15,270.5109445676678,-81.68056227726048,172.631682560462,-117.5405358758693,0.6980508037935291,0.3191253532809526
189,ALB,37,75-90,124.17224416726945,-6.019831253133704,9.00530494735582,-60.513316966491566,0.9515203152403001,-0.8511847408341146
190,ALB,37,90-00,23.058440434879923,-16.28831185010762,121.2418876332277,0.0,0.2936073930885326,1.0
191,ALB,37,00-15,41.86663292845261,-59.27859336981625,108.7340843726751,-23.81147858231146,-0.29373099885716153,0.7810118260553882
192,ARE,195,75-90,216.97985585955334,0.0,0.3024074502340853,-138.12314411278743,1.0,-0.9978105953772154
193,ARE,195,90-00,199.54357387224363,0.0,7.615876334979614e-09,-97.6269322968595,1.0,-0.99999999992199
194,ARE,195,00-15,443.03247270826887,0.0,0.05959301207483121,-332.3499563963437,1.0,-0.9998206919816659
195,ARG,503,75-90,740.5484766187519,-0.04921117582412245,388.5480103001086,-177.2324422880364,0.9999335476644976,0.5438596065615039
196,ARG,503,90-00,540.0786699510131,-0.546584214841441,300.97465139168037,-64.87226201085213,0.9989879544495045,0.7844593831710129
197,ARG,503,00-15,752.1030364199788,-3.6842423845425794,69.69783228025933,-375.4403249276956,0.9951014126972819,-0.8143570957816475
198,ASM,16,75-90,0.0,0.0,0.0,0.0,,
199,ASM,16,90-00,0.0,0.0,0.0,0.0,,
200,ASM,16,00-15,0.11740267167748289,-0.1697792397616614,1.5059366899178785,-0.012459115833699973,-0.30849807171775245,0.9917266669195905
201,AUS,569,75-90,1257.7578870013378,0.0,685.9060389032727,-390.91018231661053,1.0,0.43008202268979123
202,AUS,569,90-00,815.6664314328693,-0.0033311043518359142,293.61886810687935,-206.30437221539685,0.9999959160948355,0.29737358656290236
203,AUS,569,00-15,1869.5687076249646,0.0,75.16396661810495,-1022.5758639020696,1.0,-0.9264954618317656
204,AUT,96,75-90,48.77195772231515,-26.016838362456152,333.6800657024795,-2.2509405843384958,0.4665615329492424,0.9932541952136107
205,AUT,96,90-00,88.18613618922613,-9.116456040562134,280.844689073579,-11.433369166243011,0.896622570910688,0.9592893524034289
206,AUT,96,00-15,131.8652969913801,-20.498736690233713,192.6618119847511,-38.26069235189747,0.8445479048852884,0.8014100876673695
207,AZE,79,75-90,172.46570303371715,-1.9200471831586425,76.49482373466576,-47.685336717224274,0.9888670782110037,0.37662008500564287
208,AZE,79,90-00,109.91870556863029,-1.9584982185855941,96.81563068561071,-21.052140940655434,0.9821823027440697,0.7825543169881521
209,AZE,79,00-15,187.54575260733745,-2.776085723315039,36.73847581943851,-81.86094398146092,0.9851978214130644,-0.551208744578383
210,BDI,133,75-90,26.632711859359652,-0.004494666315973561,1.2853117194365238,-17.011226032480202,0.9998312351239442,-0.9244433224870195
211,BDI,133,90-00,18.649644207061648,-0.023400641539626767,7.902565829981121,-4.149955484503139,0.9987452499747547,0.47485973874980636
212,BDI,133,00-15,48.1674255304322,-0.05883446644813761,3.7738231068775296,-37.46091215186158,0.9987785424319394,-0.899259711253721
213,BEN,76,75-90,172.48315777117116,0.0,32.32495158412915,-69.93797794330033,1.0,-0.5378054594267019
214,BEN,76,90-00,178.11680425736674,0.0,32.357369216023265,-78.62469681839,1.0,-0.5884579460984961
215,BEN,76,00-15,288.10245874782345,-1.6114427452435516,7.9283737560808545,-215.9469265686608,0.9944067025590572,-0.9632855448231629
216,BGR,263,75-90,72.51686064197622,-54.70606557885148,344.2605912981262,-29.147547451251008,0.2456090198258666,0.9153328955215513
217,BGR,263,90-00,11.090451598986364,-186.25263796538732,371.325533032401,0.0,-0.9404547945192198,1.0
218,BGR,263,00-15,22.689327425868346,-285.01878853189294,436.9767958430458,-5.16342446302124,-0.9203935728492179,0.9881837559519389
219,BLR,118,75-90,198.00871095164015,-53.60237618076499,329.6052424551249,0.0,0.7292928380617743,1.0
220,BLR,118,90-00,69.111748675144,-146.62576213761164,483.5848473469543,-19.941209846486643,-0.5286520754089514,0.9587637827035148
221,BLR,118,00-15,94.83126798631261,-344.9044270568661,830.4699679209455,-38.09232721639205,-0.7250505921436685,0.9541316017582732
222,BOL,95,75-90,119.91455775342078,-0.10183651536335071,8.05885429334283,-51.74983953740026,0.9991507576955523,-0.8442728641212772
223,BOL,95,90-00,100.56599393566376,-0.15617885034592482,63.86097145508735,-2.1177396824052246,0.9984470013745815,0.966838279560238
224,BOL,95,00-15,162.11608555063913,-0.7309083521379477,10.917724702637754,-94.61087569713895,0.9954914507733432,-0.8846039144845596
225,BRA,5504,75-90,2944.9900932589576,-3.5202773186399665,836.7917858793382,-885.4554280666559,0.9988046556330705,-0.054958884032787654
226,BRA,5504,90-00,2780.6606392065005,-20.04893360133025,1697.1736040004084,-539.3130731735787,0.9927898667968877,0.6822286936926407
227,BRA,5504,00-15,3636.6230614322203,-100.99539854715826,682.3114606529648,-1856.1107029040272,0.9722282466890084,-0.6323972166178254
228,ATF,4,75-90,0.0,0.0,0.0,0.0,,
229,ATF,4,90-00,0.0,0.0,0.0,0.0,,
230,ATF,4,00-15,0.0,0.0,0.0,0.0,,
231,UMI,9,75-90,0.0,0.0,0.0,0.0,,
232,UMI,9,90-00,0.0,0.0,0.0,0.0,,
233,UMI,9,00-15,0.0,0.0,0.020914992999999993,0.0,,1.0
234,BRN,32,75-90,11.050633524997023,0.0,0.18789289727290362,-6.583934430269927,1.0,-0.9714619124380921
235,BRN,32,90-00,7.1053444760164925,0.0,0.19953912240312832,-2.148261566419622,1.0,-0.9071160022958992
236,BRN,32,00-15,8.297505078984017,-0.0002023075899031763,0.2960045800633924,-6.160782358457502,0.9999756182626008,-0.9519534106480748
237,BTN,205,75-90,1.394913369151285,-0.003198964419620029,0.9480586792960196,-0.05302708702768439,0.9977066931249169,0.9440677162862328
238,BTN,205,90-00,0.4860601174070243,-0.064875224154582,1.4392881337475574,0.0,0.8665283946753941,1.0
239,BTN,205,00-15,6.232211538439217,-0.33576330464355614,21.105645638602358,-0.0004018543980234122,0.9461245333903342,0.999980959862356
240,BWA,30,75-90,54.12783261469688,0.0,26.65872547806292,-8.348812335759805,1.0,0.6868262759736987
241,BWA,30,90-00,43.575715342182356,0.0,36.03036702386445,-0.9727772510468191,1.0,0.9730011839623363
242,BWA,30,00-15,65.28948251881519,-0.05278374217255033,2.3811103163476495,-34.3760151479903,0.999191542953992,-0.9307333818042359
243,CAF,51,75-90,15.217860422414812,0.0,2.2354246527057744,-4.046574075120588,1.0,-0.4475759960877131
244,CAF,51,90-00,27.350292963780397,-0.023657509224907704,10.864369124705561,-1.7562337292610515,0.9991350180688654,0.8383492212845218
245,CAF,51,00-15,39.86528375084021,0.0,0.908874914341709,-22.99861395318193,1.0,-0.960481317865855
246,CAN,293,75-90,1623.4811599243271,-32.57859751461581,840.9567785558137,-310.7762453025248,0.9799328761436724,0.6304492059196848
247,CAN,293,90-00,1151.1382199861207,-52.82597459365913,881.7873860386853,-143.5100974241469,0.9541097900525829,0.8372509068553959
248,CAN,293,00-15,1963.1758128895158,-115.00667127566146,867.7689314590766,-481.36113604193054,0.9414180479809456,0.4452888106600401
249,CHE,169,75-90,96.2362317217497,-11.365037785750056,185.45689026852398,-11.27000578952362,0.8819047921721407,0.9392311292764279
250,CHE,169,90-00,126.47161915082938,-2.4063823705399066,118.31482922227487,-20.75224345056432,0.9809729456561312,0.8246015010377301
251,CHE,169,00-15,277.996608656131,-1.1339983122349744,66.40585900042626,-93.64174155832227,0.9959208196182074,-0.29085194385169416
252,COG,48,75-90,42.17432682114756,-7.65969221268325,18.015708214045794,-32.42489677151009,0.8183802139826346,-0.4443865668718128
253,COG,48,90-00,79.09174751502269,-26.755382642551098,42.3644277105511,-62.02268441902268,0.6617171388523287,-0.316952690658489
254,COG,48,00-15,64.1173219463192,-58.25808925645906,93.2347136903469,-54.146441112207015,0.09138299155360308,0.41924591207477374
255,COL,1065,75-90,0.10322792611338476,0.0,0.053340630313170226,-0.04468955842655496,1.0,0.16218540793057043
256,COL,1065,90-00,247.75375401847134,-7.110497940275364,94.9087294068426,-80.99028396903853,0.9713001404622703,0.1466508457629883
257,COL,1065,00-15,286.6933251721839,-22.443301580910045,60.56557489483517,-174.76610581010908,0.9217166930292817,-0.6534478203648808
258,CRI,81,75-90,97.73020780715943,0.0,7.390470768008531,-20.12009410116795,1.0,-0.6326820972681474
259,CRI,81,90-00,81.22554235779768,0.0,18.367587943402782,-8.218068067200472,1.0,0.5525777204648031
260,CRI,81,00-15,86.03301027945957,-2.4319272024229472,10.82957823877221,-33.323317348808835,0.9717326268774816,-0.6750150014953622
261,CUB,168,75-90,89.60878102141709,-3.8159736104435025,89.88531303649623,-8.399982645469812,0.9574151822293904,0.906547773360269
262,CUB,168,90-00,52.37270106578904,-6.816124202228517,95.4311490121482,-5.892064949708692,0.8698534911600931,0.9382584720953255
263,CUB,168,00-15,49.479259545127995,-24.294422734581367,102.89562955640889,-10.87195087595553,0.508997851667052,0.8943400130518141
264,CZE,98,75-90,114.45584077959772,-32.34303802856362,401.9238041611539,-13.044231339188114,0.7174190691513499,0.9675455118504055
265,CZE,98,90-00,63.42158650505328,-63.47370305453869,301.1304156719521,-10.950095708466723,-0.0008210730897586268,0.9636366997865947
266,CZE,98,00-15,155.78580978491223,-70.7162588488274,277.2543960676705,-64.74844462775538,0.546067392489324,0.7664655798209526
267,DEU,403,75-90,655.0312161460618,-455.79233270459747,3447.05531790485,-61.29641940831459,0.3041670053737364,0.9822177442033129
268,DEU,403,90-00,936.0280230925187,-203.28833993375767,1764.6492453737417,-134.6165899715026,0.7828181048873744,0.9237148173641773
269,DEU,403,00-15,445.9845888189607,-908.5141547970745,2922.751950754775,-117.11563503066125,-0.5091055142464174,0.959929670049346
270,DJI,11,75-90,1.1179569641543046,0.0,0.0,-0.6086409531543047,1.0,-1.0
271,DJI,11,90-00,0.27252549308592977,0.0,0.0,-0.15753249108592973,1.0,-1.0
272,DJI,11,00-15,0.29784176745344015,0.0,0.2584622592370981,-0.12723103469053815,1.0,0.5077384409387837
273,DNK,99,75-90,86.3361642819233,-49.52718458863866,297.2381938535385,-13.672540440823155,0.4263448579101579,0.9540014011538499
274,DNK,99,90-00,71.85582777568337,-16.64196470867576,193.3520438551413,-16.92835773414889,0.7683978429609359,0.9124480021176731
275,DNK,99,00-15,108.82085921801429,-31.56426187588893,259.89823882724863,-29.64741881937401,0.7099429088989976,0.8859268190767529
276,DOM,155,75-90,324.08816933386487,-4.290780188412684,34.199845677763705,-225.6699189792159,0.986760454115829,-0.8484519078463733
277,DOM,155,90-00,142.4837929106978,-5.975151578119865,103.04845490743007,-58.30372229200801,0.9580643422240674,0.4342106114605688
278,DOM,155,00-15,181.83602575681414,-14.022411511455067,68.89672653098188,-95.0894940263409,0.9228843049495126,-0.27545385285259083
279,DZA,1504,75-90,811.3503649040667,-13.742313431904718,307.5169629715675,-298.4858043627294,0.9830624178821568,0.029368001431755497
280,DZA,1504,90-00,480.7576315812322,-18.287525801743254,275.90933675345525,-126.68516076494421,0.9619610285923184,0.540844966482064
281,DZA,1504,00-15,680.5207146198078,-39.273433489923846,153.43090407172485,-360.9655880146087,0.9422891432307611,-0.5749431270841382
282,ECU,223,75-90,0.0,0.0,0.0,0.0,,
283,ECU,223,90-00,113.7780664050713,-0.0012165440942986192,30.46365070393024,-29.29613799690728,0.9999893077450449,0.038324779862064784
284,ECU,223,00-15,155.33787276338063,-0.01592138191789757,9.494027080477778,-99.67671508794052,0.9998975048284447,-0.9047518061555139
285,EGY,343,75-90,1099.5024761980692,-2.5554611076565568,78.69871147739697,-760.3773170468096,0.9976758023169779,-0.896500448247127
286,EGY,343,90-00,677.9296163633817,-8.600392312713934,183.82253269151698,-198.32191616418467,0.9873137386166296,-0.07311034379409732
287,EGY,343,00-15,1105.7956543698606,-16.241727547348745,81.3029216043577,-662.2337543538695,0.9853121799826532,-0.8772292697709382
288,ERI,50,75-90,1.1980301278980912,-0.04070341771293643,0.9679821878214238,-0.3063708610065786,0.966024712763819,0.6834953526406223
289,ERI,50,90-00,0.7416113175694595,-0.07147214677865553,1.4157930019795666,-0.10042817277037022,0.9036258683148246,0.9290657796514383
290,ERI,50,00-15,2.647815235726783,-0.007797564306055581,0.7031886530645299,-0.5108903004852572,0.9970550950078224,0.273466233764193
291,EST,223,75-90,177.50700217387674,-41.85354105786185,52.39594031018733,-165.9122105402022,0.7642147039536826,-0.6841947910910917
292,EST,223,90-00,116.4049009869837,-14.390054619467172,15.410944406063846,-103.4271505585804,0.8763793062194498,-0.8509971093389526
293,EST,223,00-15,39.685694318234724,-44.58553071562875,59.97548892253446,-30.044358526140442,-0.10989745594026239,0.4990560466302103
294,FJI,15,75-90,0.0,0.0,0.0,0.0,,
295,FJI,15,90-00,0.0,0.0,0.0,0.0,,
296,FJI,15,00-15,3.0826295962922967,-0.04807682225460571,7.16326744696231,0.0,0.9844039574808368,1.0
297,FRO,30,75-90,0.0,0.0,0.0,0.0,,
298,FRO,30,90-00,0.0,0.0,0.0,0.0,,
299,FRO,30,00-15,0.0,0.0,0.0,0.0,,
300,GAB,37,75-90,19.41368461612005,0.0,1.7288132862237886,-2.630502723343836,1.0,-0.34278217206095113
301,GAB,37,90-00,16.71081204689725,-0.00022680332763416576,3.585622968654017,-8.975700326223636,0.9999864277494716,-0.6005188633383661
302,GAB,37,00-15,20.467128640148992,0.0,0.5609499151978825,-16.058621500346874,1.0,-0.9650686134432046
303,GEO,69,75-90,76.54932057036685,-6.127547087741501,39.04352915614115,-38.31018998576649,0.9199529526573806,0.018782604601185467
304,GEO,69,90-00,7.3261598625026645,-73.42999249031922,127.57237259492338,-3.2548612741068434,-0.9002293257286044,0.9744861586572361
305,GEO,69,00-15,12.574765582384615,-120.98032440187431,158.20895725009757,-7.090484385607861,-0.8960594159045766,0.9551827879479721
306,GHA,137,75-90,362.101886996962,-7.7219595219174355,82.221522650971,-133.76673391201558,0.9786746222562982,-0.38533654634154557
307,GHA,137,90-00,421.0471970744774,-8.730941921764,169.85810018460154,-144.45300419831497,0.9792637452940469,0.14956658504172804
308,GHA,137,00-15,607.5312820904223,-15.083903337972375,94.86847170552815,-355.5323078769783,0.9751718079667091,-0.7331649765614139
309,GLP,32,75-90,20.555316948526315,-0.1325187221418283,2.300136197572008,-13.728397489956496,0.9935530684117557,-0.8324541375455689
310,GLP,32,90-00,12.8996897561345,-0.5413229493236525,3.6123542321733537,-6.4315770329841975,0.9580359714413889,-0.43834082781758243
311,GLP,32,00-15,13.188025144836082,-3.4390092522191953,5.9935459150633665,-10.534445581680254,0.7392324313571864,-0.4310525533981267
312,GMB,37,75-90,68.56103815202022,-0.2622951714573331,0.8875567051655372,-49.326913858728425,0.996174282383593,-0.9820066443299598
313,GMB,37,90-00,45.153185408799494,-0.3203286854783886,1.2859640048318988,-23.796667683152997,0.9929057344996094,-0.945960332683794
314,GMB,37,00-15,76.71262997143695,-0.34034115310985874,0.421318823227652,-71.95119564855476,0.9955634273882074,-0.994144380514737
315,GNB,37,75-90,15.55516684280299,0.0,1.4099596137256545,-10.034758437528648,1.0,-0.8594924210180691
316,GNB,37,90-00,13.24552776102581,0.0,4.524924328054417,-3.492187268080228,1.0,0.22823300128385463
317,GNB,37,00-15,23.474548391817706,0.0,1.5127374297208809,-15.860256979538581,1.0,-0.9046208752057124
318,GNQ,32,75-90,11.078216707096434,-0.2540972614404345,1.7970839518824164,-6.931702406538416,0.9770633425795267,-0.7407442145543793
319,GNQ,32,90-00,9.932753147106597,0.0,0.0,-4.956994016106595,1.0,-1.0
320,GNQ,32,00-15,15.55807984806641,0.0,0.0,-11.751301811066414,1.0,-1.0
321,GTM,354,75-90,108.92580238545472,-0.0004369998189860641,50.73359766697519,-32.41343098861093,0.9999959880963976,0.36110521470646045
322,GTM,354,90-00,100.11651037673339,-0.10464982977579015,69.57682055027277,-9.812291328230357,0.9989547195624178,0.8589718350073142
323,GTM,354,00-15,172.41323720326898,-0.1899824463832926,32.64523202376651,-71.8630729176522,0.9988980982582022,-0.5457300850302542
324,GUF,21,75-90,0.0,0.0,0.0,0.0,,
325,GUF,21,90-00,9.856368448718127,0.0,0.013269141227552569,-5.9583415709456835,1.0,-0.9977730143413973
326,GUF,21,00-15,13.006984634232758,0.0,0.02026596066756995,-10.626576660900323,1.0,-0.9980928984644568
327,GUY,116,75-90,0.0,0.0,0.0,0.0,,
328,GUY,116,90-00,1.7469359088802963,-0.6090874929167428,5.282910868991602,-0.0941572099551535,0.6513395312211887,0.9821770209094732
329,GUY,116,00-15,2.5316550175102948,-0.7529531997549253,4.0933831516384105,-1.0784970343937805,0.7025845960262778,0.7365267324261832
330,HND,298,75-90,131.73777723621663,-0.006497025899178476,10.71747056821425,-70.12817883953167,0.9999506821351061,-0.8471731229077241
331,HND,298,90-00,96.86553599001232,-0.10901046975458642,51.17372738452815,-8.230394128785885,0.9988746206931037,0.8391675856061588
332,HND,298,00-15,132.2515266230671,-0.20362390494637958,14.71779468463434,-70.27590910875507,0.9984603285107875,-0.7905712658678253
333,HRV,560,75-90,88.25828803573643,-14.80640850102399,131.77952562444256,-19.803209693154983,0.8322377554499043,0.849724685232272
334,HRV,560,90-00,12.463059616636572,-72.70747975565209,200.70176475498826,-4.312303538972754,-0.8285862794512868,0.9785138733372021
335,HRV,560,00-15,38.52449312083184,-83.3998311417067,185.71137876014308,-17.22094589426822,-0.5380746868015365,0.9072703783190902
336,HUN,168,75-90,221.09649624584077,-118.5812443204293,483.4415681187509,-70.67352030816238,0.46366746495802946,0.8538116600457444
337,HUN,168,90-00,138.18832567741597,-135.2327181195698,424.5276041465254,-24.410275199371547,0.021388257968662918,0.9425001461366778
338,HUN,168,00-15,180.85312967848407,-321.6544635060226,610.6419186728551,-78.10017977031669,-0.43774096057243794,0.8721015092772266
339,IMN,24,75-90,2.502056393842616,-0.1296635130497676,0.6309524703269374,-1.2858363061197857,0.9481772219967303,-0.5093057589648124
340,IMN,24,90-00,1.6533837334145887,-0.14829759148792693,0.7669207668219415,-0.7093549527486027,0.9103066103222989,0.07506096661313133
341,IMN,24,00-15,2.6167258657615045,-0.2897216561955973,1.4929892679243504,-1.2293004884902592,0.8892808528449793,0.17661800061074
342,IRN,268,75-90,573.709574771262,-105.11587906752273,803.4513957092607,0.0,0.8167785867798487,1.0
343,IRN,268,90-00,1994.8174387775007,-44.345700827048404,208.5165904950626,-1012.9809445635151,0.9777695442374791,-0.7941554659896286
344,IRN,268,00-15,1417.4122686933072,-162.48401758383585,402.41477073549623,-695.1003840059676,0.885365732206038,-0.4210695606060241
345,IRQ,102,75-90,327.73964874073556,-2.8134022457209626,245.86866092509777,-39.57286460711234,0.9914157403398374,0.8390487650674279
346,IRQ,102,90-00,396.00630169061367,0.0,59.40163189806109,-90.63980745267475,1.0,-0.34464079781859497
347,IRQ,102,00-15,755.291987067289,0.0,84.25784874588624,-269.6298624341754,1.0,-0.6875055011146769
348,ISL,119,75-90,0.0,0.0,0.0,0.0,,
349,ISL,119,90-00,3.2286252949977,-0.06429537269475857,0.9157280954556702,-0.8516899267586114,0.9800858362863057,0.06993142289163154
350,ISL,119,00-15,5.466138109611542,-0.11859970373621934,0.37215214680912245,-2.6266706896844445,0.9783028344037491,-0.8583179276067412
351,JOR,52,75-90,86.81722798440143,0.0,206.35455830977588,-4.190768354177337,1.0,0.9796914185540488
352,JOR,52,90-00,159.73446448057214,0.0,48.24310105680849,-5.408644548380625,1.0,0.8878877097471056
353,JOR,52,00-15,291.0144148931838,0.0,0.5871879283627509,-166.80708320954653,1.0,-0.9964798381635562
354,JPN,1811,75-90,1956.742758879594,-25.205263989178384,1082.5076420153532,-713.5503121477691,0.9871187646537604,0.3408357738525334
355,JPN,1811,90-00,685.5890390525327,-263.9778331292047,2471.3558819628656,-144.22519273719382,0.6149619989636712,0.9416412691551961
356,JPN,1811,00-15,596.166143568459,-945.8906543997474,2654.0514335978596,-304.4661436845708,-0.36973037972684064,0.8852825006213865
357,KAZ,174,75-90,629.1714550624881,-82.42349309250073,451.84043672493294,-194.11967130992014,0.8689967695938866,0.5703800378802873
358,KAZ,174,90-00,155.71129415658996,-360.4624125424108,663.3706045136539,-33.68550036783308,-0.5680234922184307,0.9492206918144505
359,KAZ,174,00-15,640.5620188218084,-246.25186552894118,409.8975234497484,-419.16842185461553,0.6155690498448932,-0.02211735885028726
360,KEN,301,75-90,65.68518104249299,0.0,18.620576745514278,-28.48145503100727,1.0,-0.34622101556109486
361,KEN,301,90-00,56.99172450440449,0.0,46.64632884718368,-10.978726962588162,1.0,0.764638992308373
362,KEN,301,00-15,107.737397218141,0.0,16.314837894129784,-58.522955081270766,1.0,-0.7212232726205746
363,KGZ,44,75-90,135.4517099320763,0.0,41.24957861454373,-17.74415045562002,1.0,0.5698343825174542
364,KGZ,44,90-00,76.86062808753174,0.0,75.53369111352767,-4.054228744059399,1.0,0.9463255577174712
365,KGZ,44,00-15,147.38794571142844,-5.0209027266097115,93.96452157761365,-54.47424970743238,0.9659341019893163,0.42026789693770483
366,KHM,178,75-90,33.52193017011324,-0.07139569060805781,31.461611494522238,-7.3406881300274165,0.9978701796034493,0.7666779360203625
367,KHM,178,90-00,74.38246665923734,-0.009617078319542633,31.51447491344622,-10.340183476364011,0.9998707077252009,0.6718909801047587
368,KHM,178,00-15,95.41728241784743,-2.9843771052580834,38.71849610384633,-53.094605065435665,0.9687228871999413,-0.27076402477938605
369,KOR,229,75-90,696.8662152395539,-24.978218091942026,198.0926877096126,-383.34414861422425,0.9641563652452924,-0.48325104628383986
370,KOR,229,90-00,431.2330408764324,-82.84598766642947,633.6083137350096,-30.67506481401249,0.8078858069454642,0.9515867071989818
371,KOR,229,00-15,721.5045242316357,-259.0820353756278,693.9126747415963,-284.74310975260425,0.6409141915616724,0.5896557014776553
372,LAO,142,75-90,26.899127542822978,-0.008483121166258037,8.880511095805952,-7.635420226462678,0.9996846321073889,0.14020486612885377
373,LAO,142,90-00,22.699013277736164,-0.10927730555292434,20.457535410184082,-0.79945337736732,0.9951858125189914,0.9609213250111575
374,LAO,142,00-15,35.2962205596099,-2.230060144810492,28.22670043752764,-6.3766130763270485,0.9368187270633052,0.7740928632292676
375,LBN,30,75-90,113.03639856522341,-21.218907726607956,51.683470399282626,-77.00950890089807,0.8122825214184051,-0.3288689781700464
376,LBN,30,90-00,114.75007214314088,-14.18275219640933,46.79250601775152,-40.899546618483086,0.8764031086732778,0.1259381020762778
377,LBN,30,00-15,314.42627681066404,-14.402090736310223,31.777017970510283,-231.4244684458641,0.9541956515772292,-0.8626894632883484
378,LBR,66,75-90,52.4627784422161,-0.01775366499865912,6.148830577964318,-41.113457229181755,0.9996615950293557,-0.8504423857208494
379,LBR,66,90-00,62.77304309818312,0.0,2.964269377173888,-42.06033772235701,1.0,-0.9295234052388923
380,LBR,66,00-15,97.9420330082418,0.0,7.106510202818144,-64.06594830205995,1.0,-0.889075079801954
381,LKA,323,75-90,190.5986905411201,-4.345714387400764,44.63079095230913,-89.89061472902844,0.9771996629406895,-0.5034988793118524
382,LKA,323,90-00,75.49330789061032,-9.580398073597667,75.95310767627994,-23.746539554292614,0.8730960618724027,0.6873526274197649
383,LKA,323,00-15,93.73107111223534,-26.485729914013778,97.5299268938079,-33.427636166029465,0.7174284940977654,0.6572576517726093
384,LTU,48,75-90,57.368031985444546,-0.47643528411033303,64.27768622129165,-16.308293395625864,0.9916951084494025,0.7462837517287013
385,LTU,48,90-00,10.039803653768825,-36.20292489930685,94.28404107274226,-3.6121916732042454,-0.7226797646407556,0.9616881963044269
386,LTU,48,00-15,7.302343332347232,-119.51018842323063,185.8493416562183,-5.284950066334899,-0.9388977339196648,0.9715632564568837
387,LUX,12,75-90,10.219640061472457,0.0,27.330196266527544,0.0,1.0,1.0
388,LUX,12,90-00,21.326834606828335,0.0,5.137729376341587,-2.4284126561699177,1.0,0.5273373744922485
389,LUX,12,00-15,47.851007154005366,0.0,0.0,-24.85071571200537,1.0,-1.0
390,LVA,26,75-90,20.555526387492225,-0.12024118734146153,16.939005420103026,-2.3442882612537894,0.9941504204234523,0.8616041377215917
391,LVA,26,90-00,0.0,-30.60881809280605,52.586097110806065,0.0,-1.0,1.0
392,LVA,26,00-15,0.0,-54.229074870955934,89.48206286895595,0.0,-1.0,1.0
393,MAC,8,75-90,3.4518823992769123,0.0,0.1634616534770612,-1.037913087753974,1.0,-0.8425093050606102
394,MAC,8,90-00,2.171674972805315,0.0,0.004937744386144754,-1.4903646381914593,1.0,-0.996686888389853
395,MAC,8,00-15,3.700505287749249,0.0,0.257639571140435,-2.651000981889684,1.0,-0.9028142302094567
396,MEX,1854,75-90,2276.494820885302,-5.275778970950024,988.3851711604841,-536.2105110808359,0.997682499023258,0.4574883084787081
397,MEX,1854,90-00,1898.2246537791666,-10.35684686791631,1790.7016015762438,-159.24981509549406,0.9945439298518766,0.9110684801111942
398,MEX,1854,00-15,2949.2299038375368,-79.5401937426775,1321.5902038887325,-859.995294011592,0.9730301820013488,0.3492723451784931
399,MLT,68,75-90,8.247727790224367,-0.4160574437894915,8.207370347165194,-3.3897727666000677,0.9495549011349981,0.5869843051774937
400,MLT,68,90-00,6.25409738043437,-0.38076046255377133,18.93872464068188,-1.3653254345624823,0.939118238909269,0.9279082694074523
401,MLT,68,00-15,7.177193890093136,-1.4282906031678742,2.156266991626154,-5.830984462551415,0.8009959567708794,-0.630205327166546
402,MNG,327,75-90,48.887846571565845,-0.03390300278971336,4.843569535834517,-32.70436286961066,0.9993065147031975,-0.8518983673479471
403,MNG,327,90-00,23.187436617952493,-0.9800191936157273,4.071922478153374,-17.79167023149013,0.9577349057697493,-0.7711332086772646
404,MNG,327,00-15,35.15931097070952,-2.920849342308768,6.859108565234202,-28.608820211634967,0.9169252962681189,-0.7602449694012667
405,MOZ,129,75-90,112.03679670275757,-2.3912317433133476,70.28106313259157,-40.20300851703579,0.9786567287383495,0.4279681222068427
406,MOZ,129,90-00,173.80290983705393,-0.012628351741174916,91.29191914943056,-52.59954773774329,0.9999273409648146,0.4238312850927574
407,MOZ,129,00-15,284.58750921057435,-0.04498471034143037,44.04633437012957,-168.53700808236263,0.9998419301308542,-0.7386548220400087
408,MRT,44,75-90,44.55104939388645,-0.21359871488331317,1.511121952011835,-33.74989363301498,0.9952055289877724,-0.955225875125911
409,MRT,44,90-00,35.5873588673385,-0.13075870096740108,1.7370470533822517,-24.89964000975335,0.9963256980813092,-0.9302380655824004
410,MRT,44,00-15,59.06102947480917,-0.5603733933608471,2.3968329283276395,-45.62758507077596,0.9905119602833903,-0.9474696518649901
411,MTQ,32,75-90,5.0937560106795,-0.5223936433244869,1.7974364321698089,-3.205360731524822,0.8974443137383802,-0.4392405152743134
412,MTQ,32,90-00,4.070735510145618,-0.1592666756812354,0.8949947860310127,-1.8536545704953937,0.9608752090907674,-0.5171728323730655
413,MTQ,32,00-15,3.4555497285275805,-1.7416766336227583,2.639548136627163,-2.1419793025319858,0.4959769731443305,0.18850530785582673
414,MWI,256,75-90,35.4267838009676,-0.03866838970852043,1.2682218279561914,-18.37802623621527,0.9989084984421458,-0.9309924900718083
415,MWI,256,90-00,19.557265535185152,-0.2190149996749236,33.75855707849277,-0.2519145360030085,0.988801348568853,0.9925377575997317
416,MWI,256,00-15,74.35731373338137,-0.10978249075084914,1.2652471977628874,-48.8532008253934,0.9985235818073729,-0.9741010378770263
417,MYS,144,75-90,348.87790609716455,-0.18346031687508613,40.66151054704399,-129.38771727733345,0.9994741417737586,-0.6857390221987694
418,MYS,144,90-00,800.9527245005603,-2.0246132725763655,200.04191488482928,-273.05270754681317,0.9974722437284437,-0.2673871770689791
419,MYS,144,00-15,945.3260128928679,-16.57851940497768,174.55197719912613,-575.7826999340163,0.9824626433855931,-0.6968440051791597
420,NAM,107,75-90,27.895329932303117,-0.0978215227755676,7.506810095189449,-7.135151555717001,0.996493265252178,0.04950951666016117
421,NAM,107,90-00,26.289321421887774,-0.11231604469389825,3.2492742888802675,-11.030033532074142,0.9957276932754762,-0.7054157379094335
422,NAM,107,00-15,28.60163451424209,-0.362110403814164,2.8572371569715203,-18.13401530439944,0.9873395206265624,-0.8424377001447476
423,NCL,35,75-90,0.0,0.0,0.0,0.0,,
424,NCL,35,90-00,0.0,0.0,0.0,0.0,,
425,NCL,35,00-15,9.504881966325824,-0.5162786321421752,8.17672453981635,0.0,0.9456827939609075,1.0
426,NGA,775,75-90,1359.356326991847,-0.025755241138644785,789.8454643512854,-203.10789102599375,0.9999810533554543,0.7428511016483331
427,NGA,775,90-00,1308.3101383064825,-0.006070564432936702,482.39590341883195,-314.3398841278816,0.9999953599958792,0.34837779114603845
428,NGA,775,00-15,2504.3901713660307,-0.01204890358399811,177.3450058416595,-1204.1203410721064,0.9999951888872103,-0.8527182044912905
429,NIC,139,75-90,64.30734289266698,-0.009068341656139007,9.28988286424551,-34.40091933025635,0.9998589843515807,-0.7299524825176734
430,NIC,139,90-00,36.9412648889425,-0.07154433902081854,19.634300903146922,-10.552680651068604,0.9980632948212276,0.4625385083419367
431,NIC,139,00-15,34.07590071800435,-0.9974634546556193,15.820701502673286,-14.724948923022016,0.9707281852089504,0.06926068224383834
432,NLD,491,75-90,307.7004333314006,-8.400933367467214,434.15699820175337,-54.166537348686774,0.9726976875641277,0.8752374427383627
433,NLD,491,90-00,256.6657033450949,-8.434754923497685,572.6895661337609,-11.179758848358142,0.9671371951391694,0.9804785009026218
434,NLD,491,00-15,296.6894147713184,-34.464702467428204,373.33093592855437,-87.42885375844455,0.8838357529742245,0.7658140664368192
435,NOR,438,75-90,85.20476070224825,-10.724961468954175,144.08252801311886,-18.93790245341295,0.8741272039195905,0.8685621170410848
436,NOR,438,90-00,79.92461705991292,-8.275311884052961,150.0412218129277,-10.58536436978764,0.8964610380572778,0.9294502921138197
437,NOR,438,00-15,203.82893119591623,-7.9430892576801835,199.72956486198382,-64.22363335121987,0.961030609290467,0.678447037144454
438,NZL,75,75-90,0.0,0.0,0.0,0.0,,
439,NZL,75,90-00,124.80090183536306,-0.42442695852544454,31.58308790742387,-24.530987500261517,0.9965991675357815,0.22328723612565754
440,NZL,75,00-15,171.53133086791684,-1.6075301894464575,27.588557048250774,-84.7663793947211,0.9906283582053922,-0.6745342051265094
441,OMN,49,75-90,89.21206228996095,0.0,4.7932575016391965,-45.059130693600146,1.0,-0.8936229477165658
442,OMN,49,90-00,53.92596270129924,-0.32590222607669805,34.037759414725514,-11.281857187948061,0.9939564875664455,0.668548771072538
443,OMN,49,00-15,200.8955917846667,-0.005840755626446639,0.19868867467507045,-146.11650338771528,0.9999709264121996,-0.9986402037410663
444,PAN,79,75-90,77.69254740840842,0.0,4.393128115394674,-38.25887299180306,1.0,-0.8851736140702341
445,PAN,79,90-00,58.864514270715915,-0.010982018783444302,44.487431693706164,-2.974329616638639,0.9998134356679996,0.9331422493184871
446,PAN,79,00-15,94.72076869503863,-0.04117007684677292,10.90233532969842,-37.66224608089029,0.9995653532228046,-0.7105234959624399
447,PER,195,75-90,33.87007724819033,-1.5982533144328088,13.066388205091668,-10.104344147849185,0.9528122329712666,0.22669187619025766
448,PER,195,90-00,162.13986142803583,-1.6697646563982522,62.54477541211906,-72.00541064775659,0.9897017017179371,-0.13138783808786303
449,PER,195,00-15,239.7579699879893,-5.6117837117168685,55.638473207416794,-155.63288242168923,0.9765939638544738,-0.6425018136163304
450,PHL,1647,75-90,1182.9955860144273,-3.076549213178194,21.561382920853756,-890.1617140221031,0.9973993569802376,-0.9757781281971443
451,PHL,1647,90-00,623.5630927516083,-6.623814312040528,80.31766589595551,-322.10263478652325,0.9893774753685125,-0.750645734552321
452,PHL,1647,00-15,649.5831588870908,-29.255906997369117,73.89770634892393,-407.5749387466456,0.9549620297307394,-0.8186892781578512
453,PNG,87,75-90,7.91120707089973,0.0,1.0443041740392287,-4.569982210938959,1.0,-0.7714861621256369
454,PNG,87,90-00,5.341552499468291,-0.00034224781407650033,0.7676280077037836,-3.3055502543579975,0.9999359272769273,-0.7677760286077175
455,PNG,87,00-15,6.82361208326712,-0.09945844219948806,1.0051347820895835,-4.445720338157214,0.9854243704088367,-0.7739095791827924
456,POL,380,75-90,633.043044416098,-2.3688619616578843,1127.3703845837708,-26.671120481211023,0.9962579764795569,0.976342184568687
457,POL,380,90-00,175.48231600580453,-79.50475522129706,1000.3038986902386,-5.892830282746171,0.5469357993960643,0.994108959996595
458,POL,380,00-15,283.65020476457414,-203.20778834940936,1420.8819716034782,-36.90899925164273,0.2835972442957724,0.9740238809491049
459,PRK,186,75-90,84.55602635724983,0.0,11.201207785134713,-44.75475960338454,1.0,-0.7497203004909532
460,PRK,186,90-00,53.64567976144349,0.0,21.821779490934155,-13.358127021377642,1.0,0.38785345040594565
461,PRK,186,00-15,45.53046533193925,-0.9382181116243976,20.9576745219361,-16.69537822725095,0.9793936190903315,0.20337639513505495
462,PRT,308,75-90,225.5586826708472,-29.274478673337164,287.128683563186,-54.66735429069602,0.8702134702743552,0.8096067811397678
463,PRT,308,90-00,154.36025041321884,-38.183907491555836,623.469206411625,-9.99176463428798,0.7526312156831931,0.9839739244031064
464,PRT,308,00-15,160.62177169200206,-153.0047449126398,489.0453746250573,-61.462587609419565,0.047422131502622,0.8743212985982295
465,PRY,218,75-90,110.53916942421063,-0.007401034922869839,7.967674846601863,-51.91041834388961,0.9999330460418563,-0.8465110646225463
466,PRY,218,90-00,80.37677718940621,-0.008167356095062481,21.9819647587235,-17.90157699303465,0.9998983866188637,0.18562434297732905
467,PRY,218,00-15,98.18128608857475,-1.5758319553747984,18.126819811744785,-55.42730001394474,0.9839497727300787,-0.6729622441074284
468,PSE,16,75-90,116.98460854605864,0.0,0.0,-47.23885100605863,1.0,-1.0
469,PSE,16,90-00,142.96434340962256,0.0,0.0,-44.05449757962257,1.0,-1.0
470,PSE,16,00-15,150.43178160497393,0.0,0.0,-91.07364228697395,1.0,-1.0
471,REU,24,75-90,0.0,0.0,0.0,0.0,,
472,REU,24,90-00,0.0,0.0,0.0,0.0,,
473,REU,24,00-15,22.084920250505796,-0.37068705814931674,17.45184513946485,-1.0746576128213339,0.9832153771014487,0.938421547737027
474,ROU,2939,75-90,258.4099019876107,-13.815239967848072,684.9944768807774,-27.03585511753995,0.9465374977445313,0.9605312801343279
475,ROU,2939,90-00,36.55009424055845,-221.58081394552786,794.999195068458,-5.296227457488508,-0.8350484701733079,0.9933380719246735
476,ROU,2939,00-15,66.00032323264821,-886.4586578402477,1370.6303645087287,-37.524075228129234,-0.9255460786028642,0.9726227608844935
477,RUS,2445,75-90,2569.6527352237517,-117.19267033724284,4101.519427088433,-500.18238184494203,0.9543935767153229,0.8780494909907061
478,RUS,2445,90-00,768.2697096854797,-918.6384035635328,4352.361563836443,-87.97292786238944,-0.16368648784412992,0.9797873116532064
479,RUS,2445,00-15,1090.5171732089475,-1942.7526970613012,6578.287718868821,-282.26376355546654,-0.43867421990533595,0.9570916056550953
480,SHN,10,75-90,0.0,0.0,0.0,0.0,,
481,SHN,10,90-00,0.0,0.0,0.0,0.0,,
482,SHN,10,00-15,0.008048985783709673,-0.030178026164045427,0.14264204338033573,0.0,-0.7332832260149816,1.0
483,SLB,183,75-90,0.0,0.0,0.0,0.0,,
484,SLB,183,90-00,0.866284852559171,0.0,0.24986683646417152,-0.16758666002334255,1.0,0.3292961066989262
485,SLB,183,00-15,2.100358751201557,0.0,2.957027316808692,-0.033734101010250137,1.0,0.9885918872583642
486,SLV,266,75-90,48.8928469922344,-2.3660434294636223,36.422909602789495,-5.733476228560265,0.9516075750336359,0.8425859907655165
487,SLV,266,90-00,34.940862377038904,-5.729156658804656,55.8665840499551,-0.5263117791893575,0.8360327631017624,0.9905791308321494
488,SLV,266,00-15,37.07851845706366,-20.989695817396736,63.091071594974636,-11.229734688641567,0.4339122302930611,0.8220075455250938
489,SOM,74,75-90,152.34668006211743,0.0,6.6606029946103105,-101.97841770572774,1.0,-0.9346861508105532
490,SOM,74,90-00,83.8456800109438,-0.012856093812757024,11.655697588667515,-57.14792071779854,0.9998466695742574,-0.7960433653181473
491,SOM,74,00-15,215.40697395147865,0.0,1.9641793879746512,-196.82264286345327,1.0,-0.9900205618652459
492,SRB,161,75-90,95.90074143884893,-17.284965799815936,209.26941877595203,-10.635122393985068,0.8197619169520427,0.9491797585323671
493,SRB,161,90-00,32.307176638484236,-77.73580914256519,238.63768933128438,-6.211839640203424,-0.5843977570332635,0.9739695784952898
494,SRB,161,00-15,18.674924526736106,-231.0846855698726,424.57046666023433,-1.5750210640978406,-0.9191857977057964,0.9962903188333204
495,STP,7,75-90,0.0,0.0,0.0,0.0,,
496,STP,7,90-00,0.0,0.0,0.0,0.0,,
497,STP,7,00-15,0.07854190778651045,0.0,0.01017481716056589,-0.008846707947076352,1.0,0.13052904956728212
498,SUR,62,75-90,0.0,0.0,0.0,0.0,,
499,SUR,62,90-00,27.09429548949229,-2.910249673753202,4.547077416533372,-17.723111258272457,0.8925881030978696,-0.7434379691990607
500,SUR,62,00-15,26.752042782155534,-10.084581032884644,12.295906582630272,-17.226920260901164,0.6230351037113555,-0.2862388403493396
501,SVK,79,75-90,129.65146437644614,-2.5647768940535194,142.4225167037482,-13.757306055140738,0.9802179103306798,0.9034049785557632
502,SVK,79,90-00,35.98823695116347,-6.8089485562440295,114.0995111211198,-3.9787484430392843,0.810800718982598,0.965129136803963
503,SVK,79,00-15,40.53011907527022,-30.30736259435094,129.0470300251558,-10.042931194075084,0.2522261644959434,0.9221761927251068
504,SVN,192,75-90,65.10131630901553,-0.9552429695937349,21.73236529755831,-33.763154289980115,0.985326825573549,-0.35632894039145446
505,SVN,192,90-00,15.329522312892731,-13.303904599179672,45.39262592501014,-3.8696598657232104,0.1321383453683638,0.9147513547218883
506,SVN,192,00-15,36.773716610514704,-14.312278762168393,44.926553901992456,-13.207263480338751,0.6108014070550573,0.7060254496894982
507,SWE,290,75-90,152.92514148073914,-54.27990928507289,267.4632895084492,-22.91127512911543,0.645055686988464,0.9143386175679572
508,SWE,290,90-00,115.84926102314843,-44.10949025116034,242.0945088820579,-18.554531824046027,0.619251000294714,0.9233583119678055
509,SWE,290,00-15,253.51366409714836,-50.53529545650915,239.91737695798318,-70.46091066362239,0.800660466817506,0.7063117663379496
510,SWZ,55,75-90,7.989245524014283,-0.0021112351503035707,4.392661769261007,-0.40252605012498566,0.9997357403594672,0.9083639780914194
511,SWZ,55,90-00,6.344264156459279,-0.001736627852813796,7.786571396985244,-0.04610107859170809,0.9997262680414961,0.9940794123316512
512,SWZ,55,00-15,9.434136501452159,-0.019913869797506263,3.020817202887897,-0.9719126005425496,0.997889168786731,0.6782616969959644
513,SYR,60,75-90,414.7796956229955,0.0,144.66441163610486,-101.90387641010038,1.0,0.29558434408571876
514,SYR,60,90-00,344.08163314835815,0.0,37.33383132854481,-70.83631627790294,1.0,-0.4729563408961326
515,SYR,60,00-15,194.9023864806428,0.0,62.02831355257155,-23.972356783214355,1.0,0.6135255754955067
516,TGO,21,75-90,71.78618152006808,0.0,3.407278201729324,-36.3686917357974,1.0,-0.9063128740928679
517,TGO,21,90-00,56.70647246970732,0.0,7.812474514863685,-8.741002699571014,1.0,-0.10622673583579824
518,TGO,21,00-15,117.17542296508354,0.0,1.5206489836623238,-96.00651492974586,1.0,-0.9841609813169963
519,THA,928,75-90,1322.536472622196,-1.2584570524886693,687.4122921824659,-606.4174989171731,0.9990484519115049,0.11782563999276519
520,THA,928,90-00,824.2581395418913,-99.1504240962648,993.5492210554808,-339.2768700411074,0.87970949956118,0.6585203200293568
521,THA,928,00-15,1022.9259875006221,-547.5407140469988,1579.8396606312215,-648.5957787298448,0.4647308595758344,0.5894546801852665
522,TJK,59,75-90,330.2870958983756,-0.02846322967535514,10.848077907619732,-148.95374445831996,0.9999138227619885,-0.9271714991316969
523,TJK,59,90-00,150.72387972744244,-0.3407473942669702,61.074550424477714,-39.056440110653206,0.9977392607270782,0.3605120326026992
524,TJK,59,00-15,333.1680031628498,-0.0393210497143542,1.9645046124062633,-251.25297286154162,0.9998819783132201,-0.9921811686841657
525,TLS,62,75-90,7.670263928368802,-0.06290699604636067,0.3672763285700506,-3.525566318892489,0.99179858781473,-0.8958248702905053
526,TLS,62,90-00,6.591601502645673,-0.046367148673668715,0.4049717617545673,-5.475132040726574,0.9929657233291396,-0.9260343387625724
527,TLS,62,00-15,11.94171404364472,-0.024485529885233358,0.5080692782469519,-10.605618835006439,0.9979495799517772,-0.9520943297933785
528,TUN,268,75-90,319.8492852282941,-0.12239026122496578,69.1661772227582,-141.94658792582737,0.9996173502118737,-0.5127309628682288
529,TUN,268,90-00,188.49937512856556,-1.7907240432202483,56.809094341621375,-76.6113016869667,0.9905001062099071,-0.2584763201943366
530,TUN,268,00-15,205.59039265046067,-8.186188231361838,35.08756415756676,-118.45072133366564,0.9601820487532228,-0.7037792276610282
531,TUR,928,75-90,1971.0023083981491,-37.03537972238527,463.0299818345902,-1094.889236849354,0.9812098750140561,-0.5770987911370814
532,TUR,928,90-00,1218.9579770672465,-111.93190331741366,670.4722071976311,-361.4282767554638,0.908174108194676,0.4609347369279876
533,TUR,928,00-15,1608.1760021724056,-340.19941446297264,673.9641141100396,-1018.6558580764729,0.788456354277508,-0.33837899348786393
534,TWN,22,75-90,74.17679859450382,-0.1366029977890498,0.981781241566954,-58.70026984028172,0.998158413407192,-0.983274672429304
535,TWN,22,90-00,150.30907706383127,-13.698264881321915,138.57523847379707,-81.08589912030646,0.9088660169504952,0.4148601148852517
536,TWN,22,00-15,146.01375570873455,-55.72592039112914,135.3214860479675,-89.90253343557292,0.618351571599253,0.33563740643739975
537,UKR,629,75-90,602.0149650103308,-159.38267621045168,2779.466423420618,-15.319148168496906,0.7352513052433561,0.9944884571947287
538,UKR,629,90-00,83.3483017183585,-757.3541023560757,1883.4738457140406,-1.185955618323157,-0.8899480421917995,0.9993703360304037
539,UKR,629,00-15,115.28774435046492,-1384.4563323995399,2418.8526520845967,-20.79922221552155,-0.9167270634309945,0.9914012032946296
540,URY,204,75-90,87.67328882506217,-0.9738571106964558,50.04248207146902,-9.780361074834767,0.9888922028163033,0.8045588334154413
541,URY,204,90-00,46.037979591250135,-1.7246399038201066,33.76282815208039,-5.337947530510415,0.9625387578010073,0.841898684954166
542,URY,204,00-15,39.902572367153454,-7.292855465007353,30.1533179290575,-17.130610127203585,0.8172334505679488,0.431883079417422
543,USA,3148,75-90,17086.998045756838,-1286.6946435094337,13584.170932207027,-3119.9741997504316,0.9246974430462375,0.7703228106212053
544,USA,3148,90-00,16629.728716420235,-977.4324293811003,17822.086447721136,-2930.9424484682686,0.9412237898736147,0.8355443703482294
545,USA,3148,00-15,20743.23484057652,-1941.415629186356,12425.733145916634,-5084.974624811795,0.906407286804241,0.5907706559364806
546,UZB,161,75-90,1313.543468568119,0.0,0.6012089777217361,-636.4911337078406,1.0,-0.9990554322819558
547,UZB,161,90-00,763.1969608176016,-5.343123842277881,192.44388891223267,-57.816517259556385,0.9929990236903539,0.6995668836960336
548,UZB,161,00-15,973.4891326211485,-5.208496049966556,13.460383657018731,-614.7643993002008,0.9946496618447681,-0.9781048094646649
549,VEN,338,75-90,0.0,0.0,0.0,0.0,,
550,VEN,338,90-00,389.92569911866894,-2.4235637887302492,73.24333527353696,-124.03906682347566,0.9937845497380448,-0.40951397693299235
551,VEN,338,00-15,504.5324368375034,-7.711157859258162,18.211378622178593,-341.8887745714239,0.9847162297282747,-0.9467330313930092
552,VIR,20,75-90,6.429183810203512,-0.022806456864742253,1.2143175277673874,-1.3461009521061582,0.9964526668488546,-0.0979001048417488
553,VIR,20,90-00,2.4550807800772523,-0.40720381021930285,2.828323380250473,-0.02015433310842106,0.8341383250914907,0.992874105822144
554,VIR,20,00-15,1.1189927443154428,-2.5399459145304695,7.044006194841033,-0.08134515862600669,-0.5594422944544084,0.9884518615719585
555,VNM,710,75-90,1326.442608325836,-9.38188507528573,158.43290610432672,-684.866662874877,0.9929270327895098,-0.7686660561936682
556,VNM,710,90-00,848.9471940290507,-17.731035491297472,766.1684360743168,-143.7596966150699,0.9791140890552367,0.8123654149058086
557,VNM,710,00-15,900.6607825699799,-107.51414467661826,597.5884661472558,-489.4654785686173,0.8806274828911355,0.1809321861175198
558,VUT,63,75-90,0.0,0.0,0.0,0.0,,
559,VUT,63,90-00,0.0,0.0,0.0,0.0,,
560,VUT,63,00-15,2.681061895840167,0.0,1.3438701399859985,-0.0684380128261656,1.0,0.9490739389247247
561,WLF,5,75-90,0.0,0.0,0.0,0.0,,
562,WLF,5,90-00,0.0,0.0,0.0,0.0,,
563,WLF,5,00-15,0.002623733294743006,-0.06316906927647592,0.23941733598173287,0.0,-0.9584649049796895,1.0
564,WSM,43,75-90,0.0,0.0,0.0,0.0,,
565,WSM,43,90-00,0.0,0.0,0.0,0.0,,
566,WSM,43,00-15,1.0934221034128984,-0.49405648041063355,4.240120342997734,0.0,0.5481557589987114,1.0
567,XKO,30,75-90,57.28125715721006,0.0,7.325270622901482,-29.413654576111544,1.0,-0.7509568012384717
568,XKO,30,90-00,35.6635630541174,-0.5355811541822988,20.266236159255296,-3.9174462941903956,0.9849823991683169,0.806700846501221
569,XKO,30,00-15,51.53167641859683,-1.7558916632333852,8.903569212747371,-13.31651487611082,0.9659259743663275,-0.33138893354747484
570,YEM,333,75-90,33.69742190172911,0.0,12.654143064829992,-15.155289874559104,1.0,-0.16503457409466907
571,YEM,333,90-00,39.814250639276786,0.0,15.077319179959261,-8.766916797236041,1.0,0.41853610097417004
572,YEM,333,00-15,58.733616128928524,-0.003959346778706076,17.36817482991165,-31.76545863706146,0.9999325880638779,-0.4532370828215332
573,ZMB,72,75-90,192.92359335361778,-0.016315162487029317,2.37587967804343,-138.2682032911742,0.9999154319997704,-0.9828168760315765
574,ZMB,72,90-00,133.76878250226432,-0.011156636619213699,17.7327102411444,-61.705790251789495,0.9999165976066275,-0.7126248579138788
575,ZMB,72,00-15,231.28968163833218,-0.05319639319217599,5.134356403692538,-150.27211256783252,0.9997700010099225,-0.9658329392196778
576,ZWE,60,75-90,111.72787895145409,0.0,17.581608971941627,-5.552115715395741,1.0,0.6842088955421358
577,ZWE,60,90-00,62.03007578082067,0.0,76.9782273442404,-1.579057435061048,1.0,0.9794869602803449
578,ZWE,60,00-15,101.64656736332189,0.0,5.940235095078549,-48.92325051340042,1.0,-0.8785805310820164
579,BEL,43,75-90,73.26939283214912,-22.222805179876985,613.6376140285253,-11.243172970797632,0.6966972930868063,0.9816778295303863
580,BEL,43,90-00,97.42272144406229,-7.47518010665846,571.7046240512783,-8.138892368682065,0.9232706703748723,0.9857638157428091
581,BEL,43,00-15,367.57150069086117,0.0,131.70566928060242,-52.38985984146358,1.0,0.6022201616101612
582,BFA,351,75-90,53.9013869481395,-0.0076570495907137106,9.195926840867202,-30.88586765541598,0.9998579433661312,-0.7022610164796632
583,BFA,351,90-00,93.82970267055683,-0.0034149372774272433,22.066657831248165,-12.180725650527531,0.9999636049440611,0.4480031482937737
584,BFA,351,00-15,98.85562903166729,-0.0043571131976310375,12.497522632186355,-47.011208507656036,0.9999559244805752,-0.7341586606915016
585,BGD,545,75-90,2267.1234739250713,0.0,120.99132349461999,-1155.8578077186912,1.0,-0.8953233497350165
586,BGD,545,90-00,1402.5090502212847,0.0,77.99847533559571,-653.9281766648801,1.0,-0.8807231770721393
587,BGD,545,00-15,1392.568955580383,-30.499357812399282,299.79392209368456,-678.1020016426685,0.9780984936579403,-0.5578925864140666
588,BIH,141,75-90,49.681896529839875,-0.06559137262358442,65.23740317987783,-8.899964892094106,0.9986797731728259,0.8635757332713812
589,BIH,141,90-00,5.287240240631948,-60.469469021124155,149.32960421560966,-0.730396618117483,-0.9125634749862791,0.9951088290767657
590,BIH,141,00-15,32.442682025329724,-19.76029763335715,63.476507858354886,-12.576968313327457,0.39091664437825335,0.8018642055515652
591,CHL,302,75-90,228.37699787353637,-7.627711092271171,83.76879637376219,-109.43695677402738,0.9666003530859312,-0.2345474614509475
592,CHL,302,90-00,164.1524379567481,-7.088192134001045,102.368805760809,-34.27183524855603,0.9568194525635453,0.6652121220537214
593,CHL,302,00-15,211.41772380564032,-20.339581850573204,74.6872089079117,-116.89251068597876,0.9037943390721976,-0.3610607859339066
594,CHN,2408,75-90,18383.433667102392,-13.191592209614514,25695.056035247162,-3085.3825856939393,0.9992824195714197,0.8799231034382035
595,CHN,2408,90-00,12122.76267628654,-279.71238824381015,16921.250075790114,-1687.5784839608466,0.9769266795273525,0.900268687218604
596,CHN,2408,00-15,14867.060897052266,-2885.4777706534383,30314.96782401691,-3336.3850507167344,0.80591471369936,0.8899426491202311
597,CIV,113,75-90,230.11939745838052,0.0,29.391381376261762,-106.92515978764227,1.0,-0.7251219316890969
598,CIV,113,90-00,274.3664849842262,0.0,37.85599255309213,-99.16308379931833,1.0,-0.6182451059135743
599,CIV,113,00-15,343.50022217512793,-0.4125819001986935,13.786917945581845,-173.07724348351104,0.9987988889859049,-0.9203423993351539
600,CMR,360,75-90,185.6746445654056,-1.90921037032687,47.16512016349526,-53.804678650574,0.9897174416313245,-0.1234011363621053
601,CMR,360,90-00,165.15599048221344,-2.529311433774516,64.27259125157327,-49.0557973370122,0.9846853182473758,0.23675401315313538
602,CMR,360,00-15,220.88364168148559,-3.6139268568111627,22.023747196036936,-164.46783469671135,0.9836387754688396,-0.8660908545634467
603,ESP,369,75-90,609.4175532037563,-64.44270373619159,997.4902056686517,-154.5566912612163,0.8942552550424399,0.8450544272185493
604,ESP,369,90-00,410.42747300519784,-104.56828417308692,1131.6928617000983,-33.96194858620916,0.7452210413512874,0.9699901362502282
605,ESP,369,00-15,1049.7548440079279,-75.2711941674319,555.9628252197176,-467.19556996421346,0.9282964069210207,0.15966401210444808
606,ETH,690,75-90,43.26756548172863,-0.037556000922756176,60.60269188983427,-6.9406180996401385,0.9991320056835965,0.8854734355322526
607,ETH,690,90-00,74.94306681969834,-0.045602139203563846,84.89531593780302,-7.233447304297802,0.9993915095666784,0.914795684256629
608,ETH,690,00-15,157.1796189807536,-0.0011345504150510096,51.44913569686022,-35.19322977819873,0.9999927818223354,0.31596071923232594
609,FIN,80,75-90,62.129212222239715,-18.248056263957242,106.40143811938431,-3.627244264666796,0.7062886263762221,0.9659098191831114
610,FIN,80,90-00,44.61250041034038,-17.83730566435855,136.6968225828778,-1.612925251859668,0.6001724740758045,0.9882007114621718
611,FIN,80,00-15,77.14046895871158,-37.989001828082486,215.55813226351793,-5.563425218146987,0.507534730591078,0.974190603900085
612,FRA,350,75-90,1129.7689318251632,-75.50176115434974,3238.3602401327953,-72.42741108560863,0.9331706165504347,0.9776345416461022
613,FRA,350,90-00,877.0258458736756,-87.288386193068,2670.9524785693966,-21.121856906004236,0.9004722761549712,0.9920920132142084
614,FRA,350,00-15,1896.0412556682938,-109.89896663683538,1804.1733814681304,-233.30957936858837,0.9420376712224547,0.8706833934226794
615,GBR,406,75-90,365.7652242162991,-170.25280052111293,1603.0492202635885,-121.96137842277457,0.5345298315718715,0.923919130566234
616,GBR,406,90-00,409.7670545050602,-58.87394720641935,564.8569277536175,-145.92634003125835,0.8563233755394741,0.7416578732395235
617,GBR,406,00-15,1191.7750270532815,-19.895649603544882,407.21836774720737,-470.7419180469439,0.9833058680103931,-0.13494347510688812
618,GIN,336,75-90,107.73459631644509,-1.2117844675001899,20.817682548503832,-57.16652548644872,0.9887521324724616,-0.6358413884461345
619,GIN,336,90-00,143.75273151774832,-0.14868911479511593,24.50908848227663,-50.786753199229835,0.9989656605949311,-0.5174117867678869
620,GIN,336,00-15,176.06950941476174,-8.084774115191392,28.624187445941388,-105.91250232551174,0.9540819183170078,-0.7297374076011561
621,GRC,326,75-90,204.59184088889356,0.0,207.55194976595223,-81.6426420218458,1.0,0.6066399659752132
622,GRC,326,90-00,166.54001866269343,0.0,158.84653859096116,-34.88543580265454,1.0,0.7803827762814114
623,GRC,326,00-15,36.8567558176637,-22.91295532811298,227.01674361304163,-7.265126931592305,0.3783241411298635,0.9679973960688293
624,HTI,134,75-90,135.9682348099675,-16.795369610504057,27.87521764584214,-89.8605677593056,0.8764757839654411,-0.6897947749394728
625,HTI,134,90-00,60.16404836954484,-10.389964353214445,34.37393423714794,-21.57884883447834,0.8273060966676261,0.3722322069506359
626,HTI,134,00-15,73.77473257676897,-0.09336508027543328,6.079447063481414,-45.499248222974956,0.9987344572184212,-0.866383571137521
627,IDN,6696,75-90,1479.2041152361348,-68.05537221493043,951.2554424276364,-490.0564592618408,0.9539918990800899,0.48483189960921536
628,IDN,6696,90-00,1871.9098148936444,-181.05848992919817,1999.1554463369407,-408.9252940073868,0.9032760614380958,0.7954509766828477
629,IDN,6696,00-15,2472.4978143893554,-202.98741586049036,1201.1330767898833,-1307.7602664487486,0.9179018825904915,-0.08153420194391878
630,IND,2340,75-90,4648.609027803308,-4.556874235854642,2339.825029968897,-987.585824863351,0.9990197338152983,0.5779232155335654
631,IND,2340,90-00,3819.034742690939,-6.857826446840973,3858.51832656927,-944.469258848367,0.9982043037288504,0.7552248871425927
632,IND,2340,00-15,5776.676262643441,-21.677839563509536,2796.470224933746,-1345.6863423036773,0.9962473507986426,0.5187911066224353
633,ITA,8100,75-90,810.2379576999892,-139.18395619242068,1460.5844666569462,-259.9427589215148,0.828218420440928,0.8220282600180708
634,ITA,8100,90-00,516.7591755355509,-232.22397376932105,1629.7862030143583,-75.32210642158827,0.5506147064952405,0.9537840569012814
635,ITA,8100,00-15,1156.4983733524734,-252.69795434277205,1038.4103272568473,-433.2647360695483,0.7814973542848592,0.5827615301033291
636,MAR,399,75-90,230.52425585135308,-2.346326597274869,112.07248084543536,-75.75663563951358,0.9898217799744777,0.3240389159940766
637,MAR,399,90-00,157.2563760156507,-4.55322369465293,135.706937202852,-26.654387390849752,0.9710458563905875,0.803588615731506
638,MAR,399,00-15,238.46958381304933,-7.63779503899203,90.70501691491398,-100.23797025197129,0.9679716175251106,-0.0951032160078065
639,MDG,110,75-90,64.20401052561307,-0.011572545916638787,3.6270172385944894,-34.50993346329093,0.9998197535353026,-0.8948993268140422
640,MDG,110,90-00,57.374247980054896,-0.021800156857349085,3.096037112845656,-29.56898337704321,0.9996200358588592,-0.8952944349365302
641,MDG,110,00-15,87.45395403197703,-0.2560575808525236,3.316322555320837,-68.03541211144535,0.9970720868634607,-0.9512559349256452
642,MLI,289,75-90,86.41224721836281,-0.35540471881202074,32.21256671432813,-8.535159845878907,0.9958871024622943,0.7350363315791761
643,MLI,289,90-00,109.2057414808852,-0.23865770020912336,40.14671282258676,-62.5657928642628,0.9978146048277975,-0.35832807378169873
644,MLI,289,00-15,230.76124862746235,-0.021943328181375316,12.645013817185696,-157.45716674646664,0.9999049089554165,-0.9196923577473844
645,MMR,286,75-90,709.3579566447142,-8.895192208550412,11.397331039484744,-493.7324355506486,0.9874602207175839,-0.9769159767136353
646,MMR,286,90-00,520.3661307042637,-9.04122836372718,57.696756068147394,-174.14358884468393,0.9826252558914802,-0.6686828584909533
647,MMR,286,00-15,399.60307442657535,-30.594456207979864,107.29431906893804,-191.23910480253352,0.9234378858273738,-0.438951990599798
648,NER,131,75-90,55.45296538336248,-0.3011548917510672,34.36286591932306,-8.063974259934474,0.9945691832768708,0.7653288209759038
649,NER,131,90-00,77.0511341805542,-0.5490457064354362,34.193572835833905,-5.960703571952669,0.9928742683378436,0.8256776616889235
650,NER,131,00-15,180.651268813649,-0.01207385969681274,8.520052714248559,-90.44645431720076,0.9999331648220569,-0.9058000362914365
651,NPL,75,75-90,87.05415340857991,-0.001915589880150955,0.36438904798783156,-25.16184264468759,0.9999779954223302,-0.9855181890637582
652,NPL,75,90-00,110.55197821178702,-0.5109215490680424,3.744266736579666,-91.99794854329863,0.9953784495100643,-0.9593005409808956
653,NPL,75,00-15,56.197795624314736,-5.309530217191437,44.14440942524332,-26.134595051366603,0.9055206675242935,0.4079749759564814
654,PAK,141,75-90,763.3484824195099,-0.020268306455292144,390.235967511756,-136.08880932281048,0.9999734481604116,0.6512653352007827
655,PAK,141,90-00,762.0203139951873,-0.1276365476805124,1098.5685085081175,-16.49905959862445,0.9998325024342051,0.9849813102497991
656,PAK,141,00-15,1722.4507231442312,-0.5258921341230411,1568.5883918282907,-201.56124814939932,0.9996946837856917,0.8715015046653083
657,RWA,422,75-90,38.284934615624785,-0.22890987399004148,8.290668451308806,-17.448597937943546,0.9940208889922821,-0.524851883183118
658,RWA,422,90-00,21.06548196621805,-3.9993163339906443,23.959749331351063,-7.765566035578472,0.8101483583236214,0.6758911819909018
659,RWA,422,00-15,76.0566832283425,-2.4601404659930326,20.031949660472527,-35.81952552982198,0.967653855498707,-0.4407533499070309
660,SDN,237,75-90,180.2205390980584,-0.5572494281978481,47.7197731910026,-59.271801540863144,0.9969079582660961,-0.19489922778703372
661,SDN,237,90-00,176.60793304290513,-0.26548994373316326,44.422835598651524,-43.032832002823504,0.998496726963739,0.03129029421683775
662,SDN,237,00-15,245.35060887107565,-2.2924132971807367,70.65119012393302,-131.36728204182796,0.9906565819920776,-0.4621857967538877
663,SEN,123,75-90,134.02550758728427,-0.1779930977171258,22.21751510765001,-74.73577857121715,0.9986719461024894,-0.7027191589838258
664,SEN,123,90-00,113.73801633175832,-1.3026822014170911,35.86533632324913,-36.51174117459033,0.9885466421568552,-0.017704026993679744
665,SEN,123,00-15,234.50203175115033,-3.099270636595638,47.291100430853845,-134.9469755174085,0.9867836085962592,-0.6495579078409714
666,SLE,153,75-90,46.38654905074414,-0.19296623553678685,3.0338261762449488,-25.192954977452295,0.9958400389879037,-0.87957640622308
667,SLE,153,90-00,12.517769364630517,-4.307971134019132,39.895165705912135,-1.7914629665235258,0.6558515332458924,0.9550957381721554
668,SLE,153,00-15,96.14435464985644,-0.01861779080820583,16.035894684054735,-49.77689752910296,0.9998063558606638,-0.6778446331517737
669,SSD,49,75-90,27.113571338932818,-0.026897278243532115,0.5825305125358786,-17.119649544225165,0.9990079773001018,-0.9659729884638685
670,SSD,49,90-00,15.235616846273448,-0.10836915199292514,6.6646278794423335,-1.2383616667228565,0.9928871175295123,0.814188925604879
671,SSD,49,00-15,45.373409170628506,-0.05941819873472409,5.829729777270017,-27.442556540163793,0.9986904621049901,-0.7875660830382961
672,TCD,348,75-90,44.77507321782615,-0.3286483565635663,4.680758961423896,-31.93775916668647,0.9926600152061231,-0.85344122181539
673,TCD,348,90-00,48.289920963074316,-1.1954648653484792,7.694138354833991,-15.188127494559815,0.9752440086563279,-0.4934109976631465
674,TCD,348,00-15,84.3660657080575,-0.1537820432814009,1.3537285065304763,-64.2206576323066,0.9981772049936103,-0.9789206688869304
675,TZA,3661,75-90,122.17396676938867,-0.061647609179852424,33.10330827406218,-59.76999207227101,0.9994954112499579,-0.4461550499448746
676,TZA,3661,90-00,254.34802564955095,-0.25520550136496545,64.22704451404694,-102.07071152823292,0.9989966287306016,-0.3707593142790855
677,TZA,3661,00-15,433.8549944543719,-0.16319491774178996,18.209724654469973,-338.0091531621001,0.999623849166593,-0.9461265338996986
678,UGA,966,75-90,112.21142030339139,-0.13616222796555197,12.900859473486822,-64.94740679491267,0.9987865564164734,-0.8013645176900682
679,UGA,966,90-00,107.95985054757179,-0.2115920492549893,52.90944981959442,-28.083436016911225,0.9980400857524182,0.46921700919840525
680,UGA,966,00-15,226.88322602321165,-0.24277776830673609,12.393947678605862,-152.2368221085108,0.9989299439515115,-0.9185877141486063
681,ZAF,234,75-90,1139.306104247234,-0.6370893267377394,521.3091529178442,-161.51505068134074,0.9994408093449488,0.6901741514083971
682,ZAF,234,90-00,1227.1512175416917,-4.0571928755261055,559.124956466205,-439.859860132371,0.9966938117996136,0.21330669460296703
683,ZAF,234,00-15,1355.9752472858584,-50.390682291247344,297.95476441922773,-810.5183377318386,0.9628380515115521,-0.6323898540617516
